id,behavior
13,MB_TALL_GRASS
19,MB_SECRET_BASE_WALL
20,MB_SECRET_BASE_WALL
21,MB_LONG_GRASS
33,MB_ANIMATED_DOOR
36,MB_SOUTH_ARROW_WARP
37,MB_TALL_GRASS
38,MB_SECRET_BASE_SPOT_TREE_LEFT
39,MB_SECRET_BASE_SPOT_TREE_RIGHT
44,MB_OCEAN_WATER
45,MB_POND_WATER
52,MB_OCEAN_WATER
53,MB_OCEAN_WATER
54,MB_SECRET_BASE_SPOT_TREE_LEFT_OPEN
55,MB_SECRET_BASE_SPOT_TREE_RIGHT_OPEN
60,MB_OCEAN_WATER
65,MB_ANIMATED_DOOR
76,MB_WATERFALL
84,MB_OCEAN_WATER
97,MB_ANIMATED_DOOR
105,MB_MOUNTAIN_TOP
108,MB_MOUNTAIN_TOP
113,MB_MOUNTAIN_TOP
129,MB_MOUNTAIN_TOP
133,MB_JUMP_WEST
134,MB_JUMP_EAST
135,MB_JUMP_SOUTH
141,MB_JUMP_SOUTHWEST
142,MB_JUMP_SOUTHEAST
143,MB_JUMP_SOUTH
149,MB_JUMP_WEST
150,MB_JUMP_EAST
151,MB_JUMP_SOUTH
152,MB_POND_WATER
153,MB_POND_WATER
154,MB_POND_WATER
157,MB_JUMP_SOUTHWEST
158,MB_JUMP_SOUTHEAST
161,MB_POND_WATER
165,MB_JUMP_WEST
166,MB_JUMP_EAST
167,MB_NON_ANIMATED_DOOR
173,MB_JUMP_SOUTHWEST
174,MB_JUMP_SOUTHEAST
176,MB_POND_WATER
177,MB_POND_WATER
178,MB_POND_WATER
179,MB_WATERFALL
180,MB_MOUNTAIN_TOP
182,MB_MOUNTAIN_TOP
184,MB_POND_WATER
185,MB_WATERFALL
186,MB_POND_WATER
187,MB_WATERFALL
188,MB_WATERFALL
189,MB_POND_WATER
190,MB_MOUNTAIN_TOP
191,MB_MOUNTAIN_TOP
192,MB_POND_WATER
193,MB_OCEAN_WATER
194,MB_POND_WATER
195,MB_POND_WATER
196,MB_POND_WATER
197,MB_POND_WATER
200,MB_PUDDLE
201,MB_PUDDLE
202,MB_PUDDLE
203,MB_POND_WATER
204,MB_POND_WATER
205,MB_POND_WATER
208,MB_PUDDLE
209,MB_PUDDLE
210,MB_PUDDLE
213,MB_JUMP_SOUTH
214,MB_JUMP_SOUTH
215,MB_MOUNTAIN_TOP
216,MB_PUDDLE
217,MB_PUDDLE
218,MB_PUDDLE
219,MB_MOUNTAIN_TOP
220,MB_MOUNTAIN_TOP
221,MB_JUMP_SOUTH
222,MB_JUMP_SOUTH
223,MB_MOUNTAIN_TOP
229,MB_JUMP_SOUTH
230,MB_JUMP_SOUTH
232,MB_MUDDY_SLOPE
233,MB_MUDDY_SLOPE
234,MB_MUDDY_SLOPE
235,MB_MUDDY_SLOPE
236,MB_VERTICAL_RAIL
237,MB_ISOLATED_HORIZONTAL_RAIL
240,MB_HORIZONTAL_RAIL
241,MB_HORIZONTAL_RAIL
242,MB_HORIZONTAL_RAIL
243,MB_ISOLATED_VERTICAL_RAIL
244,MB_VERTICAL_RAIL
247,MB_VERTICAL_RAIL
251,MB_HORIZONTAL_RAIL
252,MB_VERTICAL_RAIL
253,MB_HORIZONTAL_RAIL
254,MB_JUMP_WEST
255,MB_JUMP_EAST
262,MB_JUMP_WEST
263,MB_JUMP_EAST
268,MB_BERRY_TREE_SOIL
270,MB_JUMP_WEST
271,MB_JUMP_EAST
278,MB_JUMP_WEST
279,MB_JUMP_EAST
283,MB_OCEAN_WATER
284,MB_SAND
285,MB_OCEAN_WATER
286,MB_JUMP_WEST
287,MB_JUMP_EAST
291,MB_OCEAN_WATER
292,MB_SAND
293,MB_OCEAN_WATER
294,MB_JUMP_WEST
295,MB_JUMP_EAST
299,MB_OCEAN_WATER
300,MB_OCEAN_WATER
301,MB_OCEAN_WATER
302,MB_BERRY_TREE_SOIL
303,MB_BERRY_TREE_SOIL
315,MB_SHALLOW_WATER
316,MB_SHALLOW_WATER
317,MB_SAND
318,MB_SAND
323,MB_SHALLOW_WATER
324,MB_SHALLOW_WATER
325,MB_OCEAN_WATER
326,MB_OCEAN_WATER
327,MB_INTERIOR_DEEP_WATER
332,MB_BERRY_TREE_SOIL
334,MB_DEEP_WATER
335,MB_DEEP_WATER
342,MB_INTERIOR_DEEP_WATER
343,MB_SHALLOW_WATER
350,MB_SHALLOW_WATER
351,MB_SHALLOW_WATER
358,MB_SHALLOW_WATER
359,MB_SHALLOW_WATER
366,MB_SHALLOW_WATER
367,MB_SHALLOW_WATER
368,MB_OCEAN_WATER
369,MB_OCEAN_WATER
370,MB_OCEAN_WATER
371,MB_MOUNTAIN_TOP
372,MB_OCEAN_WATER
376,MB_OCEAN_WATER
377,MB_OCEAN_WATER
379,MB_MOUNTAIN_TOP
384,MB_OCEAN_WATER
385,MB_OCEAN_WATER
387,MB_POND_WATER
389,MB_SHALLOW_WATER
390,MB_SHALLOW_WATER
392,MB_OCEAN_WATER
393,MB_OCEAN_WATER
394,MB_OCEAN_WATER
395,MB_POND_WATER
397,MB_SHALLOW_WATER
398,MB_SHALLOW_WATER
400,MB_OCEAN_WATER
401,MB_MOUNTAIN_TOP
402,MB_OCEAN_WATER
403,MB_OCEAN_WATER
405,MB_SHALLOW_WATER
406,MB_SHALLOW_WATER
407,MB_SHALLOW_WATER
408,MB_OCEAN_WATER
409,MB_OCEAN_WATER
410,MB_OCEAN_WATER
411,MB_SHALLOW_WATER
412,MB_SHALLOW_WATER
413,MB_SHALLOW_WATER
414,MB_SHALLOW_WATER
415,MB_SHALLOW_WATER
416,MB_SECRET_BASE_SPOT_RED_CAVE
417,MB_SECRET_BASE_SPOT_RED_CAVE_OPEN
419,MB_OCEAN_WATER
420,MB_OCEAN_WATER
421,MB_SHALLOW_WATER
422,MB_SHALLOW_WATER
423,MB_SHALLOW_WATER
424,MB_SECRET_BASE_SPOT_YELLOW_CAVE
425,MB_SECRET_BASE_SPOT_YELLOW_CAVE_OPEN
429,MB_OCEAN_WATER
430,MB_SHALLOW_WATER
431,MB_OCEAN_WATER
432,MB_SECRET_BASE_SPOT_BLUE_CAVE
433,MB_SECRET_BASE_SPOT_BLUE_CAVE_OPEN
437,MB_OCEAN_WATER
439,MB_OCEAN_WATER
445,MB_OCEAN_WATER
446,MB_OCEAN_WATER
447,MB_OCEAN_WATER
454,MB_TALL_GRASS
455,MB_TALL_GRASS
461,MB_ANIMATED_DOOR
468,MB_UP_RIGHT_STAIR_WARP
469,MB_UP_LEFT_STAIR_WARP
470,MB_UP_RIGHT_STAIR_WARP
471,MB_UP_LEFT_STAIR_WARP
475,MB_ANIMATED_DOOR
476,MB_DOWN_RIGHT_STAIR_WARP
477,MB_DOWN_LEFT_STAIR_WARP
478,MB_DOWN_RIGHT_STAIR_WARP
479,MB_DOWN_LEFT_STAIR_WARP
484,MB_DOWN_RIGHT_STAIR_WARP
485,MB_DOWN_LEFT_STAIR_WARP
486,MB_DOWN_RIGHT_STAIR_WARP
487,MB_DOWN_LEFT_STAIR_WARP
492,MB_DOWN_RIGHT_STAIR_WARP
493,MB_DOWN_LEFT_STAIR_WARP
498,MB_DOWN_LEFT_STAIR_WARP
499,MB_DOWN_RIGHT_STAIR_WARP
502,MB_OCEAN_WATER
503,MB_OCEAN_WATER
504,MB_BUMPY_SLOPE
505,MB_BUMPY_SLOPE
506,MB_SHALLOW_WATER
507,MB_SHALLOW_WATER
510,MB_POND_WATER
511,MB_POND_WATER
